
{
    "name":"Prague Metro",
    "lines":[
        {
            "name":"A",
            "circular":false,
            "color":{
                "red":0.007843137718737125,
                "green":0.5843137502670288,
                "blue":0.30980393290519714,
                "alpha":1.0
            },
            "station_names":[
                "A 1",
                "A 2",
                "A 3",
                "A 4",
                "A 5",
                "A 6",
                "A 7",
                "A C",
                "A B",
                "A 10",
                "A 11",
                "A 12",
                "A 13",
                "A 14",
                "A 15",
                "A 16",
                "A 17"
            ]
        },
        {
            "name":"B",
            "circular":false,
            "color":{
                "red":0.9686274528503418,
                "green":0.7764706015586853,
                "blue":0.0,
                "alpha":1.0
            },
            "station_names":[
                "B 1",
                "B 2",
                "B 3",
                "B 4",
                "B 5",
                "B 6",
                "B 7",
                "B 8",
                "B 9",
                "B 10",
                "B 11",
                "B 12",
                "A B",
                "B 14",
                "B C",
                "B 16",
                "B 17",
                "B 18",
                "B 19",
                "B 20",
                "B 21",
                "B 22",
                "B 23",
                "B 24"
            ]
        },
        {
            "name":"C",
            "circular":false,
            "color":{
                "red":0.8705882430076599,
                "green":0.25882354378700256,
                "blue":0.1921568661928177,
                "alpha":1.0
            },
            "station_names":[
                "C 1",
                "C 2",
                "C 3",
                "C 4",
                "C 5",
                "C 6",
                "C 7",
                "B C",
                "C 9",
                "A C",
                "C 11",
                "C 12",
                "C 13",
                "C 14",
                "C 15",
                "C 16",
                "C 17",
                "C 18",
                "C 19",
                "C 20"
            ]
        }
    ],
    "stations":[
        {
            "name":"C 12",
            "x":642.0,
            "y":665.0
        },
        {
            "name":"C 13",
            "x":656.0,
            "y":719.0
        },
        {
            "name":"C 11",
            "x":649.0,
            "y":593.0
        },
        {
            "name":"A 1",
            "x":1045.0,
            "y":531.0
        },
        {
            "name":"A 2",
            "x":1025.0,
            "y":597.0
        },
        {
            "name":"C 1",
            "x":1025.0,
            "y":114.0
        },
        {
            "name":"A 3",
            "x":946.0,
            "y":566.0
        },
        {
            "name":"C 2",
            "x":959.0,
            "y":143.0
        },
        {
            "name":"A 4",
            "x":877.0,
            "y":521.0
        },
        {
            "name":"C 3",
            "x":886.0,
            "y":75.0
        },
        {
            "name":"A 5",
            "x":810.0,
            "y":531.0
        },
        {
            "name":"A 6",
            "x":750.0,
            "y":543.0
        },
        {
            "name":"C 4",
            "x":769.0,
            "y":85.0
        },
        {
            "name":"A 7",
            "x":697.0,
            "y":579.0
        },
        {
            "name":"C 5",
            "x":697.0,
            "y":149.0
        },
        {
            "name":"C 6",
            "x":675.0,
            "y":266.0
        },
        {
            "name":"C 7",
            "x":667.0,
            "y":329.0
        },
        {
            "name":"C 9",
            "x":666.0,
            "y":463.0
        },
        {
            "name":"B 11",
            "x":551.0,
            "y":585.0
        },
        {
            "name":"B 12",
            "x":557.0,
            "y":534.0
        },
        {
            "name":"A B",
            "x":595.0,
            "y":489.0
        },
        {
            "name":"B 10",
            "x":475.0,
            "y":613.0
        },
        {
            "name":"A C",
            "x":651.0,
            "y":529.0
        },
        {
            "name":"C 20",
            "x":1127.0,
            "y":879.0
        },
        {
            "name":"C 18",
            "x":951.0,
            "y":883.0
        },
        {
            "name":"C 19",
            "x":1048.0,
            "y":913.0
        },
        {
            "name":"C 16",
            "x":759.0,
            "y":843.0
        },
        {
            "name":"C 17",
            "x":891.0,
            "y":854.0
        },
        {
            "name":"C 14",
            "x":683.0,
            "y":769.0
        },
        {
            "name":"C 15",
            "x":723.0,
            "y":821.0
        },
        {
            "name":"B 22",
            "x":1148.0,
            "y":265.0
        },
        {
            "name":"A 10",
            "x":547.0,
            "y":482.0
        },
        {
            "name":"B 23",
            "x":1240.0,
            "y":260.0
        },
        {
            "name":"A 11",
            "x":497.0,
            "y":456.0
        },
        {
            "name":"B 20",
            "x":956.0,
            "y":242.0
        },
        {
            "name":"B 21",
            "x":1040.0,
            "y":248.0
        },
        {
            "name":"B 1",
            "x":69.0,
            "y":686.0
        },
        {
            "name":"B 2",
            "x":105.0,
            "y":703.0
        },
        {
            "name":"B 3",
            "x":144.0,
            "y":715.0
        },
        {
            "name":"B 4",
            "x":184.0,
            "y":732.0
        },
        {
            "name":"B 5",
            "x":237.0,
            "y":704.0
        },
        {
            "name":"B 6",
            "x":281.0,
            "y":691.0
        },
        {
            "name":"B 19",
            "x":908.0,
            "y":274.0
        },
        {
            "name":"B 7",
            "x":328.0,
            "y":673.0
        },
        {
            "name":"B 17",
            "x":798.0,
            "y":359.0
        },
        {
            "name":"B 8",
            "x":384.0,
            "y":662.0
        },
        {
            "name":"B 9",
            "x":490.0,
            "y":663.0
        },
        {
            "name":"B 18",
            "x":823.0,
            "y":297.0
        },
        {
            "name":"B 16",
            "x":746.0,
            "y":391.0
        },
        {
            "name":"B 14",
            "x":622.0,
            "y":447.0
        },
        {
            "name":"B C",
            "x":669.0,
            "y":409.0
        },
        {
            "name":"A 16",
            "x":228.0,
            "y":385.0
        },
        {
            "name":"A 17",
            "x":209.0,
            "y":455.0
        },
        {
            "name":"A 14",
            "x":365.0,
            "y":339.0
        },
        {
            "name":"A 15",
            "x":260.0,
            "y":336.0
        },
        {
            "name":"A 12",
            "x":456.0,
            "y":429.0
        },
        {
            "name":"B 24",
            "x":1321.0,
            "y":235.0
        },
        {
            "name":"A 13",
            "x":419.0,
            "y":383.0
        }
    ]
}